{"status": "TRAINED", "version": 3, "trained_at": 1778175212, "n_train": 26400, "feature_names": ["hour_of_day", "minute_of_hour", "day_of_week", "is_first_30min", "is_post_lunch", "is_last_30min", "spx_spot", "vix_level", "vix_change_pct", "realized_vol_30m", "realized_vol_5m", "atr_5m", "trend_30m", "trend_5m", "dist_to_callwall_atr", "dist_to_putwall_atr", "dist_to_flip_atr", "dist_to_maxpain_atr", "dist_to_zomma_atr", "dist_to_upvomma_atr", "dist_to_dnvomma_atr", "vanna_level_dist_atr", "charm_level_dist_atr", "net_gex_sign", "net_gex_magnitude"], "dropped_features": [], "training_medians": {"hour_of_day": 12.241666666666667, "minute_of_hour": 27.0, "day_of_week": 2.0, "is_first_30min": 0.0, "is_post_lunch": 0.0, "is_last_30min": 0.0, "spx_spot": 6892.1129704211235, "vix_level": 19.27, "vix_change_pct": -0.004692287361703282, "realized_vol_30m": 0.0005011380226572146, "realized_vol_5m": 0.00042242197302988385, "atr_5m": 2.737344126921653, "trend_30m": 4.547766696966828e-05, "trend_5m": 3.3397112332107833e-06, "dist_to_callwall_atr": 18.50645007895414, "dist_to_putwall_atr": -16.013303690395027, "dist_to_flip_atr": -0.6198796280291408, "dist_to_maxpain_atr": -0.43094388502202, "dist_to_zomma_atr": 1.7244651751747584, "dist_to_upvomma_atr": 42.17403933667076, "dist_to_dnvomma_atr": -38.94249791882413, "vanna_level_dist_atr": -0.7279825228269805, "charm_level_dist_atr": 0.9961780545822128, "net_gex_sign": 1.0, "net_gex_magnitude": 0.7021560344585531}, "pinball_losses": {"5": 0.00028908873507164283, "15": 0.0005317161405860385, "30": 0.000745464500091886, "60": 0.0010674729293939388}, "horizons": [5, 15, 30, 60], "quantiles": [0.1, 0.25, 0.5, 0.75, 0.9], "model_path": "/home/user/workspace/sentiment-app/ml_service/models/quantile_overlay_v3.lgb", "elapsed_sec": 507.2, "notes": "v3 Greek-aware. Synthetic distance-to-level features in training; real Greek snapshots will be used at inference."}