{"status": "TRAINED", "version": 4, "trained_at": 1778185710, "n_train": 165000, "feature_names": ["hour_of_day", "minute_of_hour", "day_of_week", "is_first_30min", "is_post_lunch", "is_last_30min", "spx_spot", "vix_level", "vix_change_pct", "realized_vol_30m", "realized_vol_5m", "atr_5m", "trend_30m", "trend_5m", "dist_to_callwall_atr", "dist_to_putwall_atr", "dist_to_flip_atr", "dist_to_maxpain_atr", "dist_to_zomma_atr", "dist_to_upvomma_atr", "dist_to_dnvomma_atr", "vanna_level_dist_atr", "charm_level_dist_atr", "net_gex_sign", "net_gex_magnitude"], "dropped_features": [], "training_medians": {"hour_of_day": 12.241666666666667, "minute_of_hour": 27.0, "day_of_week": 2.0, "is_first_30min": 0.0, "is_post_lunch": 0.0, "is_last_30min": 0.0, "spx_spot": 6035.529852676416, "vix_level": 19.15, "vix_change_pct": 0.0, "realized_vol_30m": 0.000498335091876364, "realized_vol_5m": 0.0004188469344257211, "atr_5m": 2.4170658633384847, "trend_30m": 0.0, "trend_5m": -5.319073291543406e-07, "dist_to_callwall_atr": 17.792130261148937, "dist_to_putwall_atr": -17.92875931001481, "dist_to_flip_atr": -0.2728708117686811, "dist_to_maxpain_atr": 0.13077010352936247, "dist_to_zomma_atr": -0.6966717204728476, "dist_to_upvomma_atr": 38.27354604973549, "dist_to_dnvomma_atr": -38.758671640769435, "vanna_level_dist_atr": 0.38557261418363764, "charm_level_dist_atr": -0.5317109921715933, "net_gex_sign": 1.0, "net_gex_magnitude": 0.6494996862337526}, "pinball_losses": {"5": 0.0002863539214504532, "15": 0.0005357360702511317, "30": 0.000760278440741792, "60": 0.000985551892579943}, "horizons": [5, 15, 30, 60], "quantiles": [0.1, 0.25, 0.5, 0.75, 0.9], "model_path": "/home/user/workspace/sentiment-app/ml_service/models/quantile_overlay_v4.lgb", "elapsed_sec": 11660.1, "notes": "v3 Greek-aware. Synthetic distance-to-level features in training; real Greek snapshots will be used at inference."}